,id,nickname
0,103560,anh.luongbao
1,103675,huonghue.che
2,103972,hong.dang.9235
3,103450,letranglotus
4,103324,phuc.trinh.313
5,103426,tranminhmanh
6,103499,nu.my.148
7,103673,kate.nguyen.522
8,103844,giayxuatkhau1985
9,103508,nhiennta
10,103326,chuotk0i
11,103421,minhthanh.dao.1
12,103430,felicitasishere
13,103433,hue.hoang.14661
14,103557,sora.chan.92
15,103603,1000kgthanh
16,103607,baoanh.truong.5
17,103618,lanna.nguyen.77
18,103869,giang.tran136
19,103904,yenxaome
20,103993,huongxuanlethi
21,103312,western84
22,103429,ngocbichvnd
23,103476,ruud0407
24,103559,anuranjan.jha.9
25,103701,thuongpc
26,103718,young.che
27,103762,vinh.nguyen.5036
28,103780,luong.hathanh
29,103905,quynhnhuht
30,103453,iwan.ongko
31,103608,trinhduyky
32,103834,nam.tran.710667
33,13885,duongnt17411
34,103602,anhchau2206
35,103337,ltr.hoainhi
36,103422,nhphau
37,103371,hoangthien.lethanh
38,103575,pinhpinh.conuong
39,103706,taipham1991
40,103862,thanh.thien.581
41,103725,hoangpg
42,103851,bibo.bibi.378
43,103900,hoatuanhtgp
44,103306,beeboo.crazy
45,103510,nguyenlong294
46,103736,thuy.trang.35110
47,103315,minh.huynh.524
48,103415,quang.phuc.5
49,103514,ngo.t.hung.3
50,103774,chausoco
51,14486,hangdoan08081999
52,103402,lee.chong.chong89
53,103699,kimquyt
54,103738,le.p.bao
55,103800,heocon.dangyeu.14
56,103381,tuong.vi.750
57,103399,le.sam.351
58,103763,vy.vu.1447
59,103356,thuattq
60,103705,cao.t.vi.1
61,103903,vinhmessi
62,103330,tracyluu07
63,103442,nguyen.khuong.18
64,103445,tieuthull
65,103459,ho.hoangphuc.5
66,103601,trieu.thuy.5
67,103625,nam.duonghong.50
68,103539,mylinh.do.92
69,103821,bi.phi.92
70,103355,ngaythuhai
71,103628,le.n.quang.9
72,103824,itssmizirisha
73,103336,quynh.dung.77
74,103362,mohammed.talhasadat
75,103461,tunv87
76,103449,mariaozawaaaa
77,103495,locndv
78,103989,hoi.cham.174
79,103375,hoangxuanbach
80,103416,vanduong0403
81,103631,theresa.prietos
82,103491,juncantylee
83,103652,ngongoctuyen
84,103988,duong.n.thi
85,103994,le.d.hung.986
86,103832,web3in1
87,103540,meo.muop.br
88,103577,trinhcongthanh
89,103743,nguyetanh.nguyenthi
90,103868,vuhoan24
91,15202,vietbth17411
92,23086,hateej2601
93,103533,thieu.ta.9
94,103741,tuoi.le.9
95,103884,thithaoptit
96,103614,thehien.tran.37
97,103645,anh.linh.9
98,103553,ome.ly.3
99,103636,phuong.vy.35
100,103676,hoangleo1989
101,103682,quynhnga.pham.378
102,103792,dungtran252
103,103906,thai.buidinh
104,103394,nguyen.quocbinh.14
105,103646,jo.steepan
106,103687,nguyenvunhatchuong
107,103710,jackey.phuong
108,103827,hong.pham.1401
109,103566,quocviet1611
110,103708,anhtuan.ngole
111,103722,ngoc.lien.180
112,103536,greenplain.thaonguyen
113,103569,tran.v.nam.37
114,103907,minh.nguyentho
115,103531,truongtranvu
116,103565,ly.kieu.5
117,103746,tung.ledinh
118,103790,hien.nguyen.52
119,103401,anhptk
120,103463,maika.nguyen.79
121,103593,binh.nguyen.96742
122,103658,nguyen.nhu.355
123,103677,myngoc0306
124,103689,peterphamquoc
125,103373,trinh.thuhuong.7
126,103486,dominictran201
127,103530,tuan.phananh.7393
128,103568,phuduc.vo
129,103955,phuong.fany.1
130,103444,kukumalu.thu
131,103582,phuong.lan.104
132,103899,kimcuong.vo.16
133,103361,hagon9999
134,103441,buihuudao
135,103590,lv.honguyen
136,15221,truyentt17411
137,103880,ngothach81
138,103388,day4mine
139,103522,vantaipc
140,103797,kieuvietvuong
141,103414,thanhlucdang
142,103516,hatim0803
143,103826,huong.9189
144,103391,hoaquachsd
145,103586,nam.doanhai
146,103606,nguyenhoathuan
147,103615,tai.nguyen86
148,103653,tytoe.tran
149,103363,kieuminhhoang
150,103546,tuan.doan.31945
151,103665,bui.t.hung.1
152,15018,xuandtt17411
153,103657,obeans
154,103678,daomandat
155,103814,nambongson
156,103303,heo
157,103455,starc2p
158,103567,tung.thanh.370
159,103852,phatt.dang.3
160,103883,santhanh612
161,103978,huutdh
162,103984,quangvinh.chau.3
163,103319,thu.p.trinh
164,103369,kyduyen.pham
165,103747,hideyuki.takiyama
166,103745,tram.t.nguyen.31
167,103846,huong.truongmy
168,14902,duclm17411
169,103506,baotrungbmt
170,103544,vu.tiet
171,103822,tran.dat.1029
172,103840,le.quang.754
173,103892,long.l.thanh
174,103342,hang.t.nguyen.54
175,103670,minhhieuitf
176,103829,ac7ive
177,103910,thanhhai.le.125
178,103549,gohvn
179,103771,haingoc.tranthai
180,103619,tuannguyensilver
181,103641,tuonglam.dang
182,103674,thesonth
183,103728,cathynguyethang
184,2,steve_gates
185,103376,tcvuong
186,103513,ncccuong
187,103550,vigorromeo
188,103764,thuygiangnl
189,103853,jane.truong.9
190,103412,tini.nd
191,103482,bichhopnguyen
192,103579,thuc.nguyen.3363
193,103640,thuy.xinh.180
194,103713,babyghost89
195,14983,boconganh2889
196,103424,dinhquanbm
197,103816,thanhhieu.nguyenhuynh
198,103898,sophia.pham.752
199,103726,phuoc.buithimy
200,103532,lengocchau32
201,103584,nguyen.tam.779642
202,103390,cici.luong.33
203,103437,thuykha.do
204,103599,chilli.addict
205,103901,dvhoa.frontflip
206,103679,huu.loc156
207,103769,ardy.atma.1
208,103813,phsontung
209,103970,nguyen.tommy.16
210,103446,ngquocbinh
211,103671,ngoctan2401
212,103831,hip01
213,103389,nguyen.hiep.507
214,103434,damphuhung
215,103447,thanhruby7925
216,103570,hoang.phuong.52643
217,103803,my.heu
218,103961,uyenphuong.le.7547
219,103991,hung.tran.942
220,103380,thachcomputer
221,103509,xoaixinhh
222,103630,ngocha.nguyen.338
223,103690,heaven.lai.7
224,103691,khanv.it
225,103856,nguyen.kool
226,103395,phan.cong.7
227,103396,pham.nguyen.152
228,103770,nghiahavn
229,103443,huynhthao.trang.1
230,103551,tranhoanganhvn
231,103622,tran.m.quynh.1
232,103684,ho.n.dung.5
233,103861,thu.duong.5
234,14106,phatlt17411
235,103310,belimoon
236,103474,vhien2201
237,103479,nguyen.m.phuong.9022
238,103480,antio1992
239,103667,nguyendo.hongphuoc
240,103338,truong.g.huong
241,103519,pretty.phan
242,103612,ttkquyen
243,103990,hoang.cam.75
244,14906,vntt1234
245,103478,luong.t.nhi
246,103643,thinhbui1303
247,103367,doan.khoi
248,103392,ma.phungphinh.1
249,103515,trieu001
250,103875,nguyenthitungvan
251,103314,vyvo83
252,103830,duongbi.bi.31
253,103866,bich.tram.3557
254,103431,luong.vannghia
255,103501,duyen.le.180
256,103720,linhanhgpstech
257,103894,ptkiuee
258,103333,tqthang2104
259,103408,truong.t.ha.1
260,103411,an.lee.908
261,103626,thaoquynhdhd
262,103359,tan.le.5243
263,103419,dung.pham.773
264,103432,anhdungsg87
265,103583,tu.hao.73
266,103766,ltkhoi
267,103811,michiyasu
268,103897,vankhanguyen
269,103902,truong.hoangphuoc
270,103911,macquanthungdit
271,103435,khanhviospa
272,103456,dathangngay
273,103547,alice.mi.39
274,103589,nguyen.v.em
275,103735,tram.vu.7982
276,103469,vixu13
277,103485,tran.quyen.399
278,103527,nt.ngoc.12
279,103537,lesonarch
280,103711,trongtruongthanh22389
281,103767,thuan.quoc.77
282,103960,tuanpkna
283,103969,trinh.t.khanh
284,103757,thang.leminh20101982
285,103992,ngocyds
286,101213,tranphammannhi
287,103659,dailoc.nguyen.758
288,103734,deejay.binhchelsea
289,103756,nicmclee
290,103976,tuan.tran.796774
291,103354,heo.honghong
292,103876,duongtruclinh
293,103378,bon.za.18
294,103406,hoang.hue
295,103629,selena.pham.90
296,103878,khoa.khoapercy
297,103968,diane.truong.9
298,103448,vu.n.anh.5
299,103548,harukusa
300,103552,ellen.bbie
301,103663,lieu.vo.7
302,103707,cong.t.sach
303,103881,luungocmaikhanh
304,103327,anh.pham.3152130
305,103784,snowflake.nancy
306,103909,duy.huynh.777
307,103322,thuyan411
308,103334,ha.b.anh.54
309,103872,huynh.thuy.9849
310,103915,meatbunbun
311,103407,huethanhcao
312,103802,nhungphuong
313,103331,hodinhhieu
314,103360,duy.pham.526875
315,103420,ha.doan.9615
316,103600,nguyenbichthao136
317,103611,tandt.uit
318,103724,sangcnt
319,103818,nguyenbinhit
320,103854,luu.hang.my
321,103867,dangsontn
322,103386,phamdinhtoai
323,103439,july.s20th
324,103768,nguyettram
325,103847,kem.baymau
326,103859,tran.huynh.2012
327,103634,nguyenminhhuy01121987
328,103839,ahkk.nguyen
329,103889,liem.toshi
330,103413,liemhummer
331,103466,ho.thuy.7
332,103588,thanh.nha.336
333,103654,thutruc.huynh.3
334,103891,hoanglinhtu
335,103672,nam.kimcham.1
336,103685,capricorn.funy
337,103716,phan.t.nhan.16
338,103804,cubidu88
339,103833,quanvo.vn
340,103981,akyshin
341,103403,nic0912xautinh
342,103781,nguyetleit
343,103404,seagull271
344,103512,duong.t.tram
345,103795,voluonggiac
346,103490,nguyen.c.nhan.1
347,103454,nguyen.linh.9041
348,103709,lychankiet85
349,103717,nangamxadan1802
350,103791,truong.lenhut.7
351,103977,neohpan
352,103458,tran.tuyet.129
353,103594,cuong.acc
354,103789,khen.tranthi
355,103817,thaian.nguyen.75
356,14791,giangnt17411
357,103321,vomanhcuong
358,103863,alex.tran.7792
359,103873,linhbanker.sg
360,103580,raymondmrdinh
361,103624,ngothanhtrunghcm.nokia
362,103982,canary.ha
363,103353,ntcuong
364,103436,iloveyourself
365,103498,nguyen.t.mi.96
366,103680,bao.ha.777
367,22881,hungnq17411
368,103379,kojumi
369,103538,hien.nguyentrong84
370,82465,teo113
371,103825,ntmthu1982
372,103979,mr.gooogle
373,103357,le.p.hien
374,103576,locddspkt
375,103759,van.thuy.35
376,103965,snake158
377,103418,honghanh.nguyen.395
378,103882,dnbang
379,103451,nmhai84
380,103484,tran.mai.7165
381,103535,tommy.to0104
382,13887,phuongvtl17411
383,103340,ngo.thy.1
384,103370,sang.nguyenminh.311
385,103541,kitty.ngo.5
386,103655,ly.einsten
387,103775,huubac
388,103957,zheronguyen
389,103973,itlegendseven
390,103855,maitrang2088
391,103339,ha.tien.106
392,103393,tranlam881991
393,103425,nhung.vu.58760
394,5,brenda_lindgren
395,103604,ngodoanloc89
396,103801,dung.dinh.33
397,103347,man.king.98
398,103364,huynh.t.phong.3
399,1,admin
400,22487,huongnld17411
401,103382,tuquyen.tranngoc
402,103995,tuankiet.ngo.1
403,103352,phuong.daongoc
404,103496,thtruong
405,103556,solarprince1106
406,103693,dang.d.khang
407,103702,ocgaoj
408,103409,booboo.pham
409,103571,thanh.truongphuong.5
410,103595,quang.nguyen.7161
411,103681,hoangxuanhai
412,103893,polimibk
413,103440,vinhdinhnguyen
414,103488,ht2008
415,103712,tossyyossy
416,13874,pheptb17411
417,103616,nguyet.phung.10
418,103750,mizuumi.namihiko
419,103850,tranlevinhvn
420,103543,vuduyduc13
421,103874,tu.dinh.5
422,103714,grace.duy.7
423,103733,nancy.nguyen.7
424,103845,mongyenhotel
425,103740,thanhndvn
426,103744,edisontoan.nguyen
427,23251,zeatop939
428,103328,hongtrinh2006
429,103609,kythuboi
430,13879,thuanta17411
431,103497,nganchim25
432,103644,doy29
433,103662,kawakatsujunji
434,103377,cskt.coop
435,103467,ldchinh
436,103737,dung.hoang.5855
437,103808,trangxinhtuoi
438,103311,khue.chuot
439,103345,kien.le.7545
440,103751,quocquan.le.1
441,103428,nguyen.t.hoa.5030
442,103452,ngochabk05
443,103573,jenny.nguyentran.5
444,103651,thanh.thao.581187
445,103730,hienlens
446,103865,kieuchinh.nguyen.52
447,103959,thanhlong296
448,23429,suongttt17411
449,103487,satthuqn
450,103524,thanhhk1202
451,103534,lekimngavlg
452,103564,nguyentrinhbt
453,103694,ali33va40tencuop
454,103772,tranthanh.tung.754
455,103785,tuan15992
456,103828,iamika.290
457,103837,kimngon.pham
458,103468,chaunt.1988
459,103635,thachpham92
460,103879,dq.ninh
461,103462,mebeobo
462,103796,hannguyen.phunhuan
463,103798,huong.dam.50
464,103350,huanoppa89
465,103585,sang.nguyen.12764
466,103692,chung.bui.5492
467,103787,ide.lena1
468,103914,minh.vo.509
469,103954,ha.n.hien.75
470,103996,lenam.uit
471,103410,dang.pvh
472,103464,mandyminhtu
473,103477,quang.vinh.549668
474,103592,heo.con.129142
475,103895,quynhngoc.nguyen.9
476,102526,tranphammannhi1
477,103423,diemphucphan
478,103503,hahaha_aoba3a
479,103517,takhoatran
480,103886,nhonx
481,14227,baoln17411
482,103545,angelathanhthuy.tran
483,103820,nguyennhat.truong.1
484,103842,phuonglan.lethi.16
485,103493,thaoquyen.nguyen
486,103518,vu.phuong.5264
487,103758,amakaru.xtu
488,103838,thanhtinh.chau79
489,103864,anhtunguyen841982
490,103986,xezarre.vinhnt
491,103405,sa.dethuong
492,103332,tu.hp.10
493,103587,htkn8490
494,103621,lcfs.hanoi
495,103639,anna.do.71
496,103773,nguyen.yenthu.9
497,103397,heorungdangyeu
498,103760,999999999ok
499,14180,vytl17411
500,103320,thaitulao.yukan
501,103715,nguyenvancuong87
502,103887,quang.dinh.10236
503,4,james_pan
504,103669,ngockien.tran.3
505,103739,huy.nguyen.9465
506,103318,dothanhchung
507,103627,thanhtu.nguyen.71
508,103823,phuoc.vinh.7
509,103848,sang.truongcong.1
510,103309,chetrung
511,103686,trucmai.mr
512,103729,thao.phuong.7973
513,103956,oanhmarketingpr
514,103985,lien.tran.97
515,103308,son.nguyenvutruong
516,103815,jason.do.7
517,103836,ly.hoangtrung
518,3,arthur_holmes
519,103761,xuni.ntm
520,103980,werty.cvg
521,103492,thuy.thu.161
522,103649,hoang.minh1810
523,103650,lion.mi.31
524,103742,phancongcanh
525,103417,hung.pham89
526,103806,trung.la.315
527,103721,truong.minhtan.56
528,103723,tu.duong.1441
529,13878,nghiatd17411
530,103489,thao.trananh.77
531,103765,sami.nguyen.89
532,103849,tram.dong.3
533,103888,tuehoan
534,103323,ducorphanvoice
535,103348,marko.kukor
536,103633,nga.mai2
537,103793,hoangmy.my.75
538,103912,xuanroffy
539,103317,dieulinhkt
540,103475,nhu.kio
541,103481,jini.huynh.9
542,103605,linh.luong.2912
543,103372,damphuhanh
544,103788,phamdinhminh
545,103810,rich.seven.1
546,103783,thesungpro
547,103807,mai.kimquy
548,103958,damquangthien
549,103997,hurt.thurty
550,103368,lethaiphuc.quang
551,103805,tphuocthai
552,103841,joker.l33
553,103857,ngocbaod2
554,103890,anne.gloton
555,103366,manh.nguyen.5492216
556,103591,m0nmummim
557,103660,nguyen.anh.1217
558,103365,hoangtienthanh
559,103483,phan.nhu
560,103597,hoangkemly
561,103698,vicent.pmt
562,103885,vietphuongtran73
563,103562,thunga.nguyen.904
564,103656,bachyen.dinh.5
565,103700,luongmanhhai
566,103731,le.minhtriet.37
567,103877,xuongrongnguquen
568,13892,huelt17411
569,103349,thaygiao.thien
570,103511,wendy.zhou.7583
571,103962,minh.tan.7161
572,15534,ngocntd17411
573,103695,doanhcay
574,103697,neverdiealone
575,103383,dang.thang.31
576,103385,haphuong.0104
577,103494,huyen.tranga
578,103526,thanhtra.ftu
579,103555,hai.duy.1420
580,103561,vo.x.phuc
581,103779,thanhnguyenquoc
582,103908,vancanhbinhls
583,103343,andrea.pirlocci
584,103460,contomluoc
585,103558,tandat.nguyen.399
586,103574,hangocduong
587,103870,dinh.ngo.7505
588,23448,thekingdemon012399
589,103341,le.h.thuong.90
590,103505,phuc.tran.180
591,103620,phuongdiamond
592,103799,thy.chau.13
593,103974,nguyen.v.minhtri
594,103500,hoangtien2642
595,103754,tranminh105
596,103755,cuibaphehe
597,103427,trieu.hien.35
598,103610,yoneteru
599,103835,tinhcat0012
600,103384,nguyenminhnhat
601,103778,jack.letuan
602,103966,vuson.tung.9
603,103983,khanh.long.79
604,103528,nguyenvuphuongkhanh
605,103623,thinhdautu
606,103809,hhoahi
607,103967,vibollmc
608,103581,dieu.ngoc.39
609,103638,hoang.hoangvuonghoang
610,103666,minh.phuong.9809672
611,103683,maihuong1910
612,103748,doanthiphuong.babycovo
613,103749,nguyenphucquychau
614,103858,ann.le.714
615,103637,nhi.sena
616,103523,all4u4me
617,15042,hanbn17411
618,103647,pham.t.ngan.9
619,103688,thaj.crjs
620,103753,oanh.pham.1422
621,103398,gianghotrinhnu
622,103987,ngmtri84
623,103344,duongtieude
624,103374,toanphu.nguyen
625,103387,ivyngoc.van
626,103521,phuongtrangit
627,103525,tyt.kyun
628,103578,hongha.lee
629,103727,huong.zheng
630,103971,trannhatvy
631,103358,xuan.an.545
632,103438,phatnh
633,103719,thuy.huynh.315213
634,103313,son.tran.528316
635,103335,nguyen.linh.10
636,103668,nguyendinhdacy
637,103351,incognito.vhh
638,103661,thuyhang.nguyen.169067
639,103664,thanh.cule
640,103843,baoanh.dang.56
641,103325,nhu.nhungnhang
642,103563,thong.nguyenngocquang
643,103400,mr.nttung
644,103520,dicoloves
645,103617,huy.hoang.330
646,103975,chung.nguyen.1291
647,103316,singer.vanmaihuong
648,103529,vunguyen.nguyen.7
649,103642,quyen.le.50364
650,103704,answerer
651,103782,minh.duongbinh
652,103473,duycuong.truong
653,103502,anhnguyet.duong.12
654,103542,dieuthu0205
655,103703,caphe.sua.50
656,103732,trung.thanh0311
657,103776,dinh.thi.thuy2908
658,103819,tran.anh.khoa.86
659,103896,nhat.phuong.31
660,103572,hoa.thanh.5454
661,103613,hoanglandon
662,103812,newhtg
663,103860,tranngoctienvn
664,103916,vuongtrieungoc
665,6,victoria_victoria
666,103964,tran.yen.31149
667,103329,keianth3222
668,103504,ldt116
669,103648,xuanlinh.phan
670,103963,p3di3m
671,103598,vanbachbn
672,103346,soi.ngoan85
673,103596,thanhcuong.tc
674,103632,thao.bui.50
675,103696,bryan846
676,103913,minh.nguyenthianh.7
677,103777,contes2
